id,name
040b3d5d-a68a-dc52-0623-5d2f6fcd2682,EB3 G4
0ab3ed7a-6750-da0b-fec7-b5901162de9d,EB25 G3
0f55305c-fa54-4111-e10f-9eff39c40e6a,EB3 G1
10a3dfff-b073-8f26-80dd-0b704a50473e,EB12 G4
12388acf-22ff-dbcf-f0db-530e23f5d69b,EB23 G1
12c27cdd-004f-038c-d0d6-37447452c0f8,EB9 G1
1d415a90-f3ce-a74f-2705-c1640ab747f7,EB6 G1
2030fcee-5288-493c-9fab-195918c4e362,EB11 G3
209c234c-2332-7628-3306-bfbb9384270d,EB7 G3
21301b1b-d273-03ee-a650-71896b0aca61,EB0 G3
22bd7cee-d84b-c36b-bfb3-696d7321fe86,EB4 G3
23d9f088-fb6a-6861-a594-004900f0c556,EB8 G2
2620dfe2-afd5-aa5c-e4d8-d739e4679072,EB14 G3
27bce447-f233-b9a1-1209-4ef8d618e63f,EB25 G1
2942dbdd-b6a5-c098-77ee-8e062c5d77de,EB10 G1
29809cd4-53ff-7072-3fec-1139d4f38bf4,EB18 G1
2b56dbef-e4fc-a670-bd98-d4059d720e58,EB10 G2
2f725c00-1e37-2277-fe0d-a6ca4af272b8,EB6 G3
31e60c71-c9d3-0476-668c-0a8f9acdc7d1,EB10 G5
4207a617-b8cc-35ff-f4b1-9e4fabe7e09c,EB13 G1
42e16654-a233-f11a-dbce-d8a98ab0a51d,EB18 G2
47ca0892-f07f-80a1-a3c5-60d85aa08438,EB13 G3
4988a0c5-69a5-d551-74b6-9080961896ec,EB0 G1
4a00013a-c251-ec84-7559-7d23839bab36,EB0 G4
4b1a6219-b1f6-4fb3-9733-9a600dcaa82e,EB6 G4
538f04a0-20ce-3fac-475d-c331fd756872,EB3 G3
5a7ee701-dced-6871-0c68-c7cb73c00d41,EB0 G5
626414e7-db9d-ff87-bd8d-97ae22c5ad41,EB16 G1
62e0cfd4-8fed-36ee-2361-ec17cac672b5,EB7 G2
6452eb55-641d-5ab9-b5fe-686dc7867349,EB9 G3
64f8eb41-0131-88db-1da8-c3bc172b1098,EB19 G2
6581f6b9-21d4-e86f-56e5-1b14c9b4d25a,EB14 G2
76dac507-734d-793d-44d8-45a2cbc55fe6,EB12 G1
803c6d9c-1e10-7138-3639-04a5d01e997c,EB12 G3
891cb7b1-c6bb-cbab-3d6b-ea286b728f29,EB4 G2
96c4251c-3b00-ed06-8ac6-364e4e36e9b7,EB23 G2
986d86dd-9400-f9b8-e0fd-b0159c9bd3da,EB5 G1
9c0e305f-81c4-ac36-5f67-fee2f63503b9,EB0 G6
9e27900c-8760-adb7-cc8c-2ec35822c75f,EB20 G1
9e67c37c-28a8-90a9-f1fa-193b760964b0,EB15 G1
a4524a40-dcd7-81e3-ac9c-5f11d5eab588,EB19 G1
a9408408-b13f-78e5-d3fe-d149625d65ab,EB2 G2
a9a81875-2936-20a6-04d7-79279d36dc43,EB1 G1
aa7ae14f-2dc6-152f-1ddd-bb90fd77be36,EB10 G4
b2def6b9-fa23-389b-da6d-6d9197107706,EB2 G3
b6e85386-8058-bd7d-550c-63b68ac6fc8a,EB17 G2
b8ecf06e-505c-0f7a-9252-1d901be258ce,EB12 G2
bd4cd3b7-e43f-901d-cfad-1d52043e8aef,EB6 G2
be377417-c964-f67d-91de-c6ce54712e90,EB4 G1
c45ec60e-52a5-8130-16eb-10fac0bb0bd6,EB15 G2
c77912c7-8e99-c8b4-70a4-c40baf29780f,EB3 G2
c8a207ce-3372-950b-af00-4448e626c0be,EB1 G3
c8b0d078-a543-c0ee-cd6a-3716c3e814aa,EB8 G3
d19efea5-5322-d3f7-d011-45eb926f51c9,EB25 G2
d3169550-62f3-b60a-68b8-b8b0c2cf2ea8,EB1 G4
d3b5ffab-1c25-6afd-e37f-96d4a72f0104,EB17 G1
d71fea76-053e-8c35-f120-e5e2cc049c88,EB13 G2
d85f4e5c-c1b7-0ce0-5007-6f89839ef2c3,EB10 G6
d98710ae-0377-ab1f-2ddd-02d3ac8d8262,EB2 G1
dae5bfb1-5d79-6742-9f27-d8e7540b99c2,EB1 G6
db762d0b-9ac0-23cf-a2c4-4488de976ee8,EB16 G2
dc28db29-cc26-c0ea-4e6a-499fc42832e2,EB0 G7
dee97843-4cd6-c34b-2972-5ff813a12f2b,EB8 G1
df0ad2c9-abb2-f5bd-1fce-ed7ed66126cf,EB9 G2
e48cb833-064c-c29b-709e-6bd7bd0aebd5,EB11 G2
e4f2ea09-9bab-91fb-532d-08640c7a8cc0,EB1 G5
e9bb1deb-63b7-06ff-06e3-55e4b634fb5c,EB10 G3
ec8200bf-7dbd-d355-de42-52d0f8dfe83e,EB1 G2
ee2b4543-2d7f-9993-c74f-cb2b58167b19,EB5 G2
f126ad16-7c0d-87f3-d92a-830818a213c3,EB14 G1
f3078a72-0bd1-5e87-50b2-b014156c0611,EB0 G2
f58eceb4-25b2-7e52-6864-38763028c5bf,EB3 G5
f6b0c67e-9ebb-848f-2ed8-2f781d3f2234,EB20 G2
